category,title,url,local_path,status,detail
01. Unified OS,Cloud NGFW,https://www.fortinet.com/content/dam/fortinet/assets/data-sheets/og-cloud-next-generation-firewall.pdf,01. Unified OS/og-cloud-next-generation-firewall.pdf,downloaded,"682,655 bytes"
01. Unified OS,DCFW,https://www.fortinet.com/content/dam/fortinet/assets/data-sheets/og-data-center-firewall.pdf,01. Unified OS/og-data-center-firewall.pdf,downloaded,"711,088 bytes"
01. Unified OS,FortiGate-as-a-Service,https://www.fortinet.com/content/dam/fortinet/assets/data-sheets/og-fgaas.pdf,01. Unified OS/og-fgaas.pdf,downloaded,"393,646 bytes"
01. Unified OS,FortiProxy,https://www.fortinet.com/content/dam/fortinet/assets/data-sheets/og-fortiproxy.pdf,01. Unified OS/og-fortiproxy.pdf,downloaded,"634,633 bytes"
01. Unified OS,NGFW - Perimeter FW,https://www.fortinet.com/content/dam/fortinet/assets/data-sheets/og-next-generation-firewall.pdf,01. Unified OS/og-next-generation-firewall.pdf,downloaded,"358,339 bytes"
01. Unified OS,Secure SD-WAN,https://www.fortinet.com/content/dam/fortinet/assets/data-sheets/og-secure-sdwan.pdf,01. Unified OS/og-secure-sdwan.pdf,downloaded,"1,255,496 bytes"
02. LAN Security,FortiAP and Wireless Offerings,https://www.fortinet.com/content/dam/fortinet/assets/data-sheets/og-wireless.pdf,02. LAN Security/og-wireless.pdf,downloaded,"597,377 bytes"
02. LAN Security,FortiExtender,https://www.fortinet.com/content/dam/fortinet/assets/data-sheets/og-fortiextender.pdf,02. LAN Security/og-fortiextender.pdf,downloaded,"201,200 bytes"
02. LAN Security,FortiGate Secure LAN Controller,https://www.fortinet.com/content/dam/fortinet/assets/data-sheets/og-lan-edge.pdf,02. LAN Security/og-lan-edge.pdf,downloaded,"550,534 bytes"
02. LAN Security,FortiNAC,https://www.fortinet.com/content/dam/fortinet/assets/data-sheets/og-fortinac.pdf,02. LAN Security/og-fortinac.pdf,downloaded,"527,174 bytes"
02. LAN Security,FortiSwitch,https://www.fortinet.com/content/dam/fortinet/assets/data-sheets/og-fortiswitch.pdf,02. LAN Security/og-fortiswitch.pdf,downloaded,"127,791 bytes"
03. Unified Endpoint,FortiClient,https://www.fortinet.com/content/dam/fortinet/assets/data-sheets/og-forticlient.pdf,03. Unified Endpoint/og-forticlient.pdf,downloaded,"632,760 bytes"
03. Unified Endpoint,FortiDLP,https://www.fortinet.com/content/dam/fortinet/assets/data-sheets/og-fortidlp.pdf,03. Unified Endpoint/og-fortidlp.pdf,downloaded,"87,242 bytes"
03. Unified Endpoint,FortiEDR-FortiXDR,https://www.fortinet.com/content/dam/fortinet/assets/data-sheets/og-fortiedr.pdf,03. Unified Endpoint/og-fortiedr.pdf,downloaded,"327,668 bytes"
03. Unified Endpoint,FortiEndpoint,https://www.fortinet.com/content/dam/fortinet/assets/data-sheets/og-fortiendpoint.pdf,03. Unified Endpoint/og-fortiendpoint.pdf,downloaded,"203,317 bytes"
04. Unified AppSec (and Cloud),Cloud Consulting Services,https://www.fortinet.com/content/dam/fortinet/assets/data-sheets/og-cloud-consult-svc.pdf,04. Unified AppSec and Cloud/og-cloud-consult-svc.pdf,downloaded,"336,302 bytes"
04. Unified AppSec (and Cloud),FortiADC,https://www.fortinet.com/content/dam/fortinet/assets/data-sheets/og-fortiadc.pdf,04. Unified AppSec and Cloud/og-fortiadc.pdf,downloaded,"1,306,618 bytes"
04. Unified AppSec (and Cloud),FortiAppSec Cloud,https://www.fortinet.com/content/dam/fortinet/assets/data-sheets/og-fortiappsec.pdf,04. Unified AppSec and Cloud/og-fortiappsec.pdf,downloaded,"333,474 bytes"
04. Unified AppSec (and Cloud),FortiCASB-SSPM,https://www.fortinet.com/content/dam/fortinet/assets/data-sheets/og-forticasb-sspm.pdf,04. Unified AppSec and Cloud/og-forticasb-sspm.pdf,downloaded,"591,947 bytes"
04. Unified AppSec (and Cloud),FortiCNAPP,https://www.fortinet.com/content/dam/fortinet/assets/data-sheets/og-forticnapp.pdf,04. Unified AppSec and Cloud/og-forticnapp.pdf,downloaded,"221,711 bytes"
04. Unified AppSec (and Cloud),FortiWeb,https://www.fortinet.com/content/dam/fortinet/assets/data-sheets/og-fortiweb.pdf,04. Unified AppSec and Cloud/og-fortiweb.pdf,downloaded,"267,537 bytes"
05. Unified WorkSpace Security,FortiMail,https://www.fortinet.com/content/dam/fortinet/assets/data-sheets/og-fortimail.pdf,05. Unified WorkSpace Security/og-fortimail.pdf,downloaded,"271,194 bytes"
05. Unified WorkSpace Security,FortiMail Workspace Security,https://www.fortinet.com/content/dam/fortinet/assets/data-sheets/og-fortimail-wss.pdf,05. Unified WorkSpace Security/og-fortimail-wss.pdf,downloaded,"642,242 bytes"
06. Unified SecOps Platform,FortiAnalyzer,https://www.fortinet.com/content/dam/fortinet/assets/data-sheets/og-fortianalyzer.pdf,06. Unified SecOps Platform/og-fortianalyzer.pdf,downloaded,"1,504,337 bytes"
06. Unified SecOps Platform,FortiSIEM,https://www.fortinet.com/content/dam/fortinet/assets/data-sheets/og-fortisiem.pdf,06. Unified SecOps Platform/og-fortisiem.pdf,downloaded,"178,443 bytes"
06. Unified SecOps Platform,FortiSOAR,https://www.fortinet.com/content/dam/fortinet/assets/data-sheets/og-fortisoar.pdf,06. Unified SecOps Platform/og-fortisoar.pdf,downloaded,"462,271 bytes"
07. Unified AI-Ops,FortiAIOps,https://www.fortinet.com/content/dam/fortinet/assets/data-sheets/og-fortiaiops.pdf,07. Unified AI-Ops/og-fortiaiops.pdf,downloaded,"249,426 bytes"
07. Unified AI-Ops,FortiMonitor,https://www.fortinet.com/content/dam/fortinet/assets/data-sheets/og-fortimonitor.pdf,07. Unified AI-Ops/og-fortimonitor.pdf,downloaded,"232,665 bytes"
08. Unified Attack Surface Management,FortiRecon,https://www.fortinet.com/content/dam/fortinet/assets/data-sheets/og-fortirecon.pdf,08. Unified Attack Surface Management/og-fortirecon.pdf,downloaded,"92,444 bytes"
08. Unified Attack Surface Management,Incident Response Services,https://www.fortinet.com/content/dam/fortinet/assets/data-sheets/og-ir-services.pdf,08. Unified Attack Surface Management/og-ir-services.pdf,downloaded,"254,290 bytes"
09. Central Management,FortiCloud SaaS Mgmt and Analytics,https://www.fortinet.com/content/dam/fortinet/assets/data-sheets/og-forticloud-mgmt-analytics.pdf,09. Central Management/og-forticloud-mgmt-analytics.pdf,downloaded,"595,076 bytes"
09. Central Management,FortiEdge Cloud,https://www.fortinet.com/content/dam/fortinet/assets/data-sheets/og-fortiedge.pdf,09. Central Management/og-fortiedge.pdf,downloaded,"557,171 bytes"
09. Central Management,FortiManager,https://www.fortinet.com/content/dam/fortinet/assets/data-sheets/og-fortimanager.pdf,09. Central Management/og-fortimanager.pdf,downloaded,"1,170,161 bytes"
10. Advanced Threat Detection,FortiDeceptor,https://www.fortinet.com/content/dam/fortinet/assets/data-sheets/og-fortideceptor.pdf,10. Advanced Threat Detection/og-fortideceptor.pdf,downloaded,"196,461 bytes"
10. Advanced Threat Detection,FortiNDR,https://www.fortinet.com/content/dam/fortinet/assets/data-sheets/og-fortindr.pdf,10. Advanced Threat Detection/og-fortindr.pdf,downloaded,"409,906 bytes"
10. Advanced Threat Detection,FortiSandbox,https://www.fortinet.com/content/dam/fortinet/assets/data-sheets/og-fortisandbox.pdf,10. Advanced Threat Detection/og-fortisandbox.pdf,downloaded,"268,913 bytes"
11. Identity and Access,FortiAuthenticator,https://www.fortinet.com/content/dam/fortinet/assets/data-sheets/og-fortiauthenticator.pdf,11. Identity and Access/og-fortiauthenticator.pdf,downloaded,"316,798 bytes"
11. Identity and Access,FortiIdentity Cloud,https://www.fortinet.com/content/dam/fortinet/assets/data-sheets/og-fortiindentity.pdf,11. Identity and Access/og-fortiindentity.pdf,downloaded,"186,199 bytes"
11. Identity and Access,FortiPAM,https://www.fortinet.com/content/dam/fortinet/assets/data-sheets/og-fortipam.pdf,11. Identity and Access/og-fortipam.pdf,downloaded,"223,470 bytes"
11. Identity and Access,FortiToken,https://www.fortinet.com/content/dam/fortinet/assets/data-sheets/og-fortitoken.pdf,11. Identity and Access/og-fortitoken.pdf,downloaded,"578,748 bytes"
11. Identity and Access,ZTNA,https://www.fortinet.com/content/dam/fortinet/assets/data-sheets/og-ztna.pdf,11. Identity and Access/og-ztna.pdf,downloaded,"465,087 bytes"
12. SASE,FortiBranchSASE,https://www.fortinet.com/content/dam/fortinet/assets/data-sheets/og-fortibranchsase.pdf,12. SASE/og-fortibranchsase.pdf,downloaded,"582,587 bytes"
12. SASE,FortiCASB and FortiGuard CASB Service,https://www.fortinet.com/content/dam/fortinet/assets/data-sheets/og-casb.pdf,12. SASE/og-casb.pdf,downloaded,"614,968 bytes"
12. SASE,FortiSASE,https://www.fortinet.com/content/dam/fortinet/assets/data-sheets/og-fortisase.pdf,12. SASE/og-fortisase.pdf,downloaded,"659,336 bytes"
12. SASE,FortiSASE Sovereign,https://www.fortinet.com/content/dam/fortinet/assets/data-sheets/og-sovereign-sase.pdf,12. SASE/og-sovereign-sase.pdf,downloaded,"409,286 bytes"
13. Training,NSE Training and Certification Program,https://www.fortinet.com/content/dam/fortinet/assets/data-sheets/og-nse-program.pdf,13. Training/og-nse-program.pdf,downloaded,"305,337 bytes"
13. Training,Security Awareness and Training and FortiPhish,https://www.fortinet.com/content/dam/fortinet/assets/data-sheets/og-security-awareness-training.pdf,13. Training/og-security-awareness-training.pdf,failed,HTTP 404
14. Flexible Licensing,Cloud Marketplace Private Offers,https://www.fortinet.com/content/dam/fortinet/assets/data-sheets/og-cmpo.pdf,14. Flexible Licensing/og-cmpo.pdf,downloaded,"302,484 bytes"
14. Flexible Licensing,Enterprise Agreement Program,https://www.fortinet.com/content/dam/fortinet/assets/data-sheets/og-entagreement.pdf,14. Flexible Licensing/og-entagreement.pdf,downloaded,"553,459 bytes"
14. Flexible Licensing,FortiFlex Program,https://www.fortinet.com/content/dam/fortinet/assets/data-sheets/og-flex-vm.pdf,14. Flexible Licensing/og-flex-vm.pdf,downloaded,"256,447 bytes"
15. Advanced Support,FortiCare,https://www.fortinet.com/content/dam/fortinet/assets/data-sheets/og-forticare.pdf,15. Advanced Support/og-forticare.pdf,downloaded,"632,703 bytes"
16. Managed Services,FortiGuard SOCaaS,https://www.fortinet.com/content/dam/fortinet/assets/data-sheets/og-socaas.pdf,16. Managed Services/og-socaas.pdf,downloaded,"501,852 bytes"
16. Managed Services,Managed FortiGate Service,https://www.fortinet.com/content/dam/fortinet/assets/data-sheets/og-mfgs.pdf,16. Managed Services/og-mfgs.pdf,downloaded,"182,691 bytes"
17. Vertical - Operational Technology,OT,https://www.fortinet.com/content/dam/fortinet/assets/data-sheets/og-operational-technology.pdf,17. Vertical - Operational Technology/og-operational-technology.pdf,downloaded,"2,199,759 bytes"
18. Vertical - Others,Education,https://www.fortinet.com/content/dam/fortinet/assets/data-sheets/og-education.pdf,18. Vertical - Others/og-education.pdf,downloaded,"520,190 bytes"
18. Vertical - Others,MSSP,https://www.fortinet.com/content/dam/fortinet/assets/data-sheets/og-mssp.pdf,18. Vertical - Others/og-mssp.pdf,downloaded,"1,089,467 bytes"
18. Vertical - Others,Telco,https://www.fortinet.com/content/dam/fortinet/assets/data-sheets/og-telco.pdf,18. Vertical - Others/og-telco.pdf,downloaded,"399,508 bytes"
19. Other Products and Solutions,FortiAIGate,https://www.fortinet.com/content/dam/fortinet/assets/data-sheets/og-fortiaigate.pdf,19. Other Products and Solutions/og-fortiaigate.pdf,downloaded,"190,819 bytes"
19. Other Products and Solutions,FortiCamera and FortiRecorder,https://www.fortinet.com/content/dam/fortinet/assets/data-sheets/og-forticam.pdf,19. Other Products and Solutions/og-forticam.pdf,downloaded,"327,470 bytes"
19. Other Products and Solutions,FortiDDoS,https://www.fortinet.com/content/dam/fortinet/assets/data-sheets/og-fortiddos.pdf,19. Other Products and Solutions/og-fortiddos.pdf,downloaded,"210,087 bytes"
19. Other Products and Solutions,FortiGate FortiGuard Subscriptions,https://www.fortinet.com/content/dam/fortinet/assets/data-sheets/og-fortiguard.pdf,19. Other Products and Solutions/og-fortiguard.pdf,downloaded,"542,393 bytes"
